overall_pick,games,points,field_goal_percentage,3_point_percentage,free_throw_percentage,points_per_game
1,474,4494,0.51,0.05,0.689,9.5
2,917,6439,0.446,0.393,0.84,7
3,742,10544,0.465,0.375,0.799,14.2
4,1000,18336,0.456,0.4,0.846,18.3
5,672,5680,0.472,0.135,0.716,8.5
6,438,2819,0.478,0.235,0.707,6.4
7,766,6925,0.402,0.358,0.81,9
8,281,2083,0.401,0.193,0.707,7.4
9,687,3617,0.48,0,0.691,5.3
10,639,7083,0.444,0.329,0.652,11.1
11,800,11529,0.446,0.356,0.667,14.4
12,889,11962,0.409,0.336,0.736,13.5
13,141,698,0.474,0.15,0.835,5
14,867,15373,0.431,0.355,0.782,17.7
15,237,1870,0.46,0.244,0.789,7.9
16,850,8901,0.46,0.411,0.858,10.5
17,1051,15347,0.488,0.277,0.741,14.6
18,747,7320,0.477,0.425,0.856,9.8
19,144,508,0.41,0.293,0.859,3.5
20,55,112,0.395,,0.609,2
21,704,7585,0.475,0.335,0.779,10.8
22,87,451,0.471,0.35,0.722,5.2
23,29,55,0.257,0,0.594,1.9
24,116,418,0.439,0,0.524,3.6
25,128,609,0.386,0.224,0.787,4.8
26,1134,13398,0.495,0.235,0.692,11.8
27,134,627,0.504,0.133,0.725,4.7
28,765,8425,0.484,0.267,0.678,11
29,20,39,0.359,,0.688,2
30,89,171,0.369,0.263,0.596,1.9
31,143,956,0.417,0.282,0.694,6.7
32,16,37,0.5,,0.389,2.3
33,4,7,0.429,0,0.333,1.8
34,31,44,0.459,0,0.5,1.4
35,64,323,0.469,0.192,0.667,5
36,1380,19591,0.438,0.356,0.689,14.2
37,149,1026,0.513,,0.722,6.9
38,676,6477,0.481,0.191,0.801,9.6
39,45,202,0.494,0,0.609,4.5
40,224,3733,0.497,0,0.735,16.7
41,42,81,0.43,0,0.5,1.9
42,,,,,,
43,694,4125,0.491,0.227,0.699,5.9
44,,,,,,
45,50,213,0.403,0.13,0.667,4.3
46,2,6,0.429,,,3
47,,,,,,
48,,,,,,
49,359,1967,0.419,0.323,0.764,5.5
50,138,474,0.414,0.326,0.677,3.4
51,36,72,0.338,0.286,0.8,2
52,274,767,0.383,0.281,0.71,2.8
53,,,,,,
54,,,,,,
1,781,12884,0.447,0.295,0.769,16.5
2,1335,21813,0.466,0.317,0.729,16.3
3,586,8553,0.442,0.354,0.905,14.6
4,629,8094,0.417,0.397,0.793,12.9
5,966,12914,0.434,0.3,0.754,13.4
6,640,3354,0.484,0,0.658,5.2
7,454,5833,0.433,0.305,0.771,12.8
8,105,574,0.386,0.291,0.728,5.5
9,316,3243,0.424,0.345,0.786,10.3
10,336,2546,0.432,0.344,0.611,7.6
11,801,7532,0.502,0,0.643,9.4
12,210,1084,0.426,0.417,0.744,5.2
13,689,6984,0.504,0.244,0.718,10.1
14,115,1273,0.41,0.362,0.749,11.1
15,90,306,0.392,0.277,0.86,3.4
16,678,7175,0.457,0.384,0.781,10.6
17,179,721,0.449,0,0.648,4
18,541,2648,0.507,0.286,0.618,4.9
19,608,6758,0.436,0.357,0.825,11.1
20,201,1553,0.433,0.236,0.643,7.7
21,475,3472,0.44,0.125,0.606,7.3
22,177,736,0.414,0.071,0.82,4.2
23,318,2199,0.468,0.125,0.59,6.9
24,217,587,0.404,0.125,0.638,2.7
25,256,1465,0.502,0,0.701,5.7
26,142,289,0.436,0.253,0.667,2
27,1044,10805,0.46,0.054,0.699,10.3
28,52,53,0.333,0,0.65,1
29,846,9810,0.447,0.335,0.729,11.6
30,465,2481,0.476,0.143,0.643,5.3
31,276,1699,0.436,0.263,0.73,6.2
32,118,389,0.388,0.227,0.705,3.3
33,48,100,0.412,0,0.667,2.1
34,94,340,0.399,0.186,0.79,3.6
35,656,2538,0.44,0.225,0.748,3.9
36,103,591,0.456,0,0.567,5.7
37,151,1502,0.435,0.138,0.778,9.9
38,720,2385,0.433,0.366,0.633,3.3
39,174,331,0.558,0.2,0.759,1.9
40,852,6628,0.425,0.267,0.811,7.8
41,33,73,0.329,0.1,0.696,2.2
42,267,1942,0.417,0.34,0.664,7.3
43,683,4238,0.47,0.091,0.705,6.2
44,238,739,0.403,0.432,0.869,3.1
45,903,9041,0.448,0.087,0.727,10
46,260,1247,0.511,0,0.68,4.8
47,456,3088,0.43,0.18,0.786,6.8
48,609,8693,0.5,0.309,0.753,14.3
49,,,,,,
50,21,37,0.375,,0.65,1.8
51,457,2504,0.431,0.307,0.69,5.5
52,7,8,0.333,,0.4,1.1
53,,,,,,
54,220,1375,0.428,0.321,0.85,6.3
1,707,11450,0.484,0.332,0.766,16.2
2,858,10789,0.421,0.346,0.79,12.6
3,600,7026,0.481,0.291,0.629,11.7
4,1196,11729,0.518,0,0.684,9.8
5,942,13430,0.44,0.358,0.845,14.3
6,296,2356,0.425,0.083,0.773,8
7,567,4090,0.462,0,0.76,7.2
8,251,1685,0.384,0.27,0.735,6.7
9,1001,7990,0.469,0.152,0.728,8
10,413,4536,0.528,0.143,0.691,11
11,724,9994,0.448,0.355,0.873,13.8
12,757,5497,0.403,0.349,0.733,7.3
13,1094,8706,0.53,0,0.562,8
14,72,135,0.393,0,0.662,1.9
15,352,1958,0.403,0,0.686,5.6
16,700,7232,0.513,0.249,0.66,10.3
17,286,2542,0.518,0.286,0.634,8.9
18,126,417,0.401,0.2,0.859,3.3
19,183,1218,0.432,0.298,0.813,6.7
20,42,117,0.439,,0.525,2.8
21,508,5118,0.438,0.343,0.786,10.1
22,91,277,0.433,,0.613,3
23,300,2555,0.499,0,0.514,8.5
24,930,8966,0.45,0.349,0.77,9.6
25,,,,,,
26,127,332,0.443,0.154,0.722,2.6
27,584,2494,0.441,0.381,0.696,4.3
28,95,310,0.436,0.333,0.726,3.3
29,,,,,,
30,38,131,0.368,0.222,0.826,3.4
31,655,3148,0.417,0.2,0.691,4.8
32,2,6,1,,,3
33,249,1182,0.437,0.286,0.711,4.7
34,4,9,0.667,0.333,,2.3
35,122,1096,0.457,0.404,0.798,9
36,112,416,0.421,0.269,0.816,3.7
37,549,3449,0.459,0.359,0.783,6.3
38,,,,,,
39,78,331,0.407,0.34,0.772,4.2
40,499,2253,0.412,0.319,0.816,4.5
41,84,352,0.386,0.246,0.62,4.2
42,,,,,,
43,13,60,0.329,0.133,0.714,4.6
44,,,,,,
45,467,5153,0.443,0.39,0.738,11
46,102,1080,0.509,0.231,0.694,10.6
47,,,,,,
48,432,3285,0.446,0.176,0.67,7.6
49,168,761,0.396,0.361,0.743,4.5
50,,,,,,
51,247,1233,0.506,0,0.525,5
52,,,,,,
53,,,,,,
54,,,,,,
1,1207,28596,0.582,0.045,0.527,23.7
2,838,14311,0.527,0.247,0.692,17.1
3,868,11121,0.48,0.261,0.82,12.8
4,885,12690,0.428,0.365,0.825,14.3
5,624,7410,0.452,0.302,0.73,11.9
6,763,9895,0.451,0.284,0.757,13
7,708,8385,0.425,0.379,0.743,11.8
8,483,5917,0.406,0.345,0.739,12.3
9,915,10483,0.471,0.196,0.743,11.5
10,617,3107,0.502,0.071,0.714,5
11,1107,7715,0.425,0.341,0.726,7
12,200,1801,0.46,0.311,0.785,9
13,586,5946,0.424,0.329,0.841,10.1
14,493,4955,0.426,0.292,0.809,10.1
15,827,8017,0.427,0.384,0.799,9.7
16,151,356,0.34,0.305,0.683,2.4
17,827,9301,0.426,0.354,0.821,11.2
18,659,5943,0.43,0.388,0.829,9
19,319,3490,0.455,0.284,0.765,10.9
20,685,5583,0.458,0.441,0.837,8.2
21,821,4715,0.434,0.392,0.848,5.7
22,493,3625,0.534,0.116,0.639,7.4
23,496,2546,0.415,0.377,0.659,5.1
24,913,16712,0.425,0.337,0.804,18.3
25,157,923,0.516,0,0.58,5.9
26,59,204,0.365,0.2,0.663,3.5
27,214,835,0.456,0.256,0.676,3.9
28,98,479,0.542,0,0.685,4.9
29,1089,9870,0.46,0.136,0.794,9.1
30,749,4676,0.459,0.091,0.699,6.2
31,66,99,0.394,0,0.404,1.5
32,418,2481,0.426,0.387,0.824,5.9
33,39,92,0.367,0.25,0.826,2.4
34,224,1140,0.435,0.366,0.713,5.1
35,152,538,0.412,0.335,0.732,3.5
36,88,204,0.402,0.216,0.72,2.3
37,25,55,0.456,,0.75,2.2
38,21,48,0.34,0.273,0.722,2.3
39,148,423,0.42,0.077,0.665,2.9
40,,,,,,
41,535,3726,0.447,0.281,0.751,7
42,552,5059,0.499,0.232,0.728,9.2
43,75,957,0.439,0.379,0.789,12.8
44,,,,,,
45,103,693,0.423,0.383,0.633,6.7
46,47,101,0.378,0,0.574,2.1
47,23,96,0.476,,0.6,4.2
48,68,131,0.317,0.333,0.735,1.9
49,,,,,,
50,50,177,0.5,0,0.625,3.5
51,,,,,,
52,2,3,0.25,0,0.5,1.5
53,,,,,,
54,,,,,,
1,831,17182,0.479,0.299,0.649,20.7
2,832,6752,0.457,0.103,0.716,8.1
3,704,10684,0.458,0.316,0.774,15.2
4,611,11644,0.418,0.345,0.766,19.1
5,563,9405,0.443,0.352,0.812,16.7
6,825,7826,0.466,0.298,0.691,9.5
7,269,1032,0.353,0.272,0.769,3.8
8,791,11839,0.485,0.215,0.638,15
9,866,9468,0.451,0.347,0.69,10.9
10,937,7956,0.388,0.36,0.746,8.5
11,839,14551,0.444,0.402,0.863,17.3
12,774,5109,0.446,0.306,0.652,6.6
13,402,3235,0.411,0.378,0.779,8
14,27,55,0.467,,0.684,2
15,85,203,0.378,0,0.709,2.4
16,335,1547,0.441,0.361,0.809,4.6
17,207,938,0.407,0.29,0.775,4.5
18,15,19,0.348,0,0.75,1.3
19,193,980,0.403,0,0.667,5.1
20,383,2647,0.418,0.373,0.723,6.9
21,381,2882,0.394,0.348,0.666,7.6
22,568,6357,0.432,0.351,0.817,11.2
23,845,3473,0.505,0.2,0.605,4.1
24,993,15635,0.454,0.331,0.861,15.7
25,644,2287,0.471,0.115,0.587,3.6
26,8,14,0.4,,0.667,1.8
27,22,32,0.378,0,0.5,1.5
28,800,5784,0.426,0.348,0.79,7.2
29,,,,,,
30,307,3020,0.573,0,0.644,9.8
31,23,56,0.4,,0.522,2.4
32,11,35,0.308,0.1,0.5,3.2
33,186,574,0.456,0,0.704,3.1
34,40,76,0.312,0.222,0.444,1.9
35,4,3,0.333,,0.5,0.8
36,,,,,,
37,880,12658,0.405,0.357,0.794,14.4
38,,,,,,
39,,,,,,
40,55,182,0.415,0.4,0.643,3.3
41,,,,,,
42,10,21,0.296,0.25,0.5,2.1
43,53,157,0.404,0.279,0.759,3
44,,,,,,
45,841,6663,0.431,0.369,0.75,7.9
46,22,53,0.435,0.467,0.75,2.4
47,579,3738,0.395,0.361,0.875,6.5
48,14,13,0.429,0,0.5,0.9
49,,,,,,
50,,,,,,
51,,,,,,
52,68,194,0.556,0,0.531,2.9
53,,,,,,
54,,,,,,
1,688,14234,0.459,0.34,0.82,20.7
2,1391,17529,0.4,0.349,0.785,12.6
3,1026,17137,0.483,0.314,0.769,16.7
4,957,10716,0.435,0.35,0.731,11.2
5,1208,16159,0.469,0.12,0.764,13.4
6,203,1974,0.456,0.083,0.618,9.7
7,736,8286,0.43,0.36,0.759,11.3
8,756,7933,0.49,0.214,0.746,10.5
9,465,2071,0.49,0,0.478,4.5
10,954,14155,0.437,0.373,0.809,14.8
11,298,2196,0.536,0.258,0.562,7.4
12,277,2167,0.416,0.363,0.744,7.8
13,923,13220,0.443,0.355,0.801,14.3
14,110,233,0.396,,0.57,2.1
15,789,5919,0.434,0.399,0.839,7.5
16,173,827,0.496,0.182,0.465,4.8
17,793,5871,0.438,0.35,0.779,7.4
18,113,440,0.541,0.75,0.475,3.9
19,156,1140,0.404,0.327,0.608,7.3
20,55,195,0.381,0.314,0.7,3.5
21,327,1388,0.44,0.222,0.618,4.2
22,147,394,0.444,0.222,0.743,2.7
23,733,8192,0.457,0.418,0.778,11.2
24,456,2884,0.481,0.111,0.665,6.3
25,277,1902,0.478,0.226,0.767,6.9
26,630,3947,0.408,0.364,0.771,6.3
27,168,760,0.409,0.376,0.647,4.5
28,,,,,,
29,143,329,0.455,0,0.719,2.3
30,786,5116,0.407,0.35,0.827,6.5
31,,,,,,
32,401,1072,0.446,0.1,0.551,2.7
33,139,751,0.489,0.143,0.487,5.4
34,4,15,0.333,0,1,3.8
35,449,2527,0.538,0.143,0.529,5.6
36,,,,,,
37,114,423,0.389,0.309,0.721,3.7
38,133,467,0.53,0.333,0.579,3.5
39,181,510,0.51,0.25,0.576,2.8
40,11,18,0.348,0.333,,1.6
41,,,,,,
42,,,,,,
43,105,189,0.464,,0.465,1.8
44,,,,,,
45,41,167,0.388,0.36,0.682,4.1
46,565,6745,0.415,0.384,0.787,11.9
47,102,323,0.468,0.316,0.694,3.2
48,,,,,,
49,,,,,,
50,3,2,0.5,,0,0.7
51,318,2031,0.506,0.118,0.675,6.4
52,266,1667,0.407,0.386,0.792,6.3
53,,,,,,
54,215,1276,0.527,,0.792,5.9
1,1030,11208,0.455,0.238,0.79,10.9
2,1015,12227,0.497,0.117,0.67,12
3,970,16409,0.409,0.309,0.822,16.9
4,1109,16006,0.467,0.336,0.721,14.4
5,1462,26071,0.497,0.275,0.789,17.8
6,395,4945,0.475,0.074,0.703,12.5
7,878,11763,0.406,0.357,0.833,13.4
8,172,851,0.414,0.34,0.816,4.9
9,128,634,0.367,0.222,0.755,5
10,1110,8973,0.486,0.281,0.76,8.1
11,506,4366,0.501,0.08,0.643,8.6
12,472,2056,0.47,0.211,0.63,4.4
13,822,9147,0.49,0.136,0.714,11.1
14,658,5642,0.415,0.318,0.736,8.6
15,912,8488,0.46,0.405,0.823,9.3
16,652,5094,0.469,0.192,0.639,7.8
17,657,5654,0.414,0.325,0.689,8.6
18,810,5809,0.496,0,0.71,7.2
19,51,124,0.328,0.273,0.8,2.4
20,462,3368,0.481,0,0.637,7.3
21,1103,17306,0.444,0.375,0.811,15.7
22,135,453,0.408,0.25,0.783,3.4
23,708,5376,0.431,0.345,0.835,7.6
24,140,645,0.432,0.348,0.696,4.6
25,118,341,0.423,0,0.638,2.9
26,28,90,0.375,0.16,0.765,3.2
27,68,269,0.534,0.333,0.511,4
28,756,3512,0.486,0.1,0.569,4.6
29,307,1677,0.389,0.354,0.756,5.5
30,66,130,0.333,0.25,0.647,2
31,43,103,0.394,,0.758,2.4
32,36,106,0.33,0.31,0.674,2.9
33,61,189,0.376,,0.656,3.1
34,587,2815,0.507,0,0.621,4.8
35,64,285,0.429,0.147,0.691,4.5
36,119,747,0.408,0.299,0.652,6.3
37,13,27,0.357,0.333,0.75,2.1
38,,,,,,
39,119,293,0.321,0.336,0.681,2.5
40,8,40,0.433,,0.636,5
41,,,,,,
42,30,79,0.349,0.25,0.5,2.6
43,846,5791,0.424,0.208,0.763,6.8
44,,,,,,
45,,,,,,
46,,,,,,
47,226,1728,0.405,0.322,0.806,7.6
48,230,1261,0.442,0.246,0.655,5.5
49,117,336,0.35,0.317,0.63,2.9
50,25,89,0.473,0.3,0.593,3.6
51,,,,,,
52,541,2944,0.431,0.396,0.854,5.4
53,,,,,,
54,,,,,,
55,1,0,,,,0
56,297,1988,0.416,0.338,0.807,6.7
57,7,9,0.25,0.6,0,1.3
58,403,1454,0.53,0,0.658,3.6
1,914,24368,0.425,0.313,0.78,26.7
2,973,9262,0.466,0.205,0.67,9.5
3,830,15028,0.472,0.297,0.81,18.1
4,846,16297,0.433,0.325,0.784,19.3
5,1300,24505,0.452,0.4,0.894,18.9
6,893,15647,0.414,0.325,0.633,17.5
7,778,6191,0.459,0.069,0.645,8
8,507,7165,0.439,0.378,0.78,14.1
9,445,2376,0.462,0.111,0.63,5.3
10,987,7309,0.498,0.125,0.626,7.4
11,225,835,0.422,0,0.668,3.7
12,610,3995,0.479,0.167,0.694,6.5
13,1346,33643,0.447,0.329,0.837,25
14,804,13647,0.45,0.401,0.895,17
15,1217,17387,0.49,0.428,0.904,14.3
16,545,4957,0.408,0.343,0.769,9.1
17,1011,13309,0.467,0.147,0.715,13.2
18,381,2901,0.462,0.3,0.74,7.6
19,593,3056,0.392,0.346,0.698,5.2
20,843,10976,0.476,0.31,0.78,13
21,15,44,0.333,0.261,,2.9
22,137,652,0.483,0.5,0.532,4.8
23,35,52,0.339,0.5,0.889,1.5
24,1287,10713,0.399,0.374,0.817,8.3
25,83,389,0.425,0.323,0.693,4.7
26,587,3865,0.502,0.038,0.645,6.6
27,102,375,0.381,0.343,0.82,3.7
28,74,255,0.472,0,0.554,3.4
29,371,1276,0.438,0.259,0.696,3.4
30,709,5212,0.505,0,0.738,7.4
31,114,381,0.416,0.167,0.803,3.3
32,,,,,,
33,445,2272,0.401,0.286,0.74,5.1
34,,,,,,
35,,,,,,
36,,,,,,
37,576,5396,0.431,0.328,0.796,9.4
38,35,76,0.526,0,0.552,2.2
39,,,,,,
40,,,,,,
41,14,30,0.412,0.333,0.5,2.1
42,203,773,0.406,0.351,0.771,3.8
43,40,54,0.356,,0.462,1.4
44,813,5003,0.437,0.177,0.743,6.2
45,,,,,,
46,27,92,0.381,0.333,0.714,3.4
47,,,,,,
48,201,911,0.424,0.4,0.629,4.5
49,114,204,0.377,0,0.609,1.8
50,,,,,,
51,76,350,0.376,0.374,0.571,4.6
52,153,285,0.401,0.179,0.573,1.9
53,13,18,0.278,,0.889,1.4
54,719,5327,0.457,0.316,0.739,7.4
55,,,,,,
56,101,209,0.344,0.328,0.493,2.1
57,60,134,0.417,0.381,0.774,2.2
58,,,,,,
1,1392,26496,0.506,0.179,0.696,19
2,575,9206,0.443,0.361,0.835,16
3,1043,15802,0.415,0.387,0.894,15.2
4,872,6623,0.444,0.311,0.793,7.6
5,837,5082,0.488,0.162,0.69,6.1
6,432,5892,0.429,0.25,0.808,13.6
7,824,9454,0.437,0.369,0.758,11.5
8,733,2989,0.477,0,0.499,4.1
9,938,18381,0.435,0.338,0.746,19.6
10,440,3615,0.472,0.167,0.785,8.2
11,236,1830,0.417,0.237,0.703,7.8
12,659,4475,0.407,0.34,0.861,6.8
13,615,7357,0.408,0.341,0.853,12
14,534,5889,0.466,0.152,0.711,11
15,541,2960,0.507,0.077,0.644,5.5
16,729,5342,0.412,0.134,0.789,7.3
17,54,256,0.402,0.394,0.718,4.7
18,155,813,0.413,0.138,0.755,5.2
19,506,2222,0.494,0,0.709,4.4
20,16,29,0.448,,0.375,1.8
21,494,4478,0.444,0.404,0.794,9.1
22,60,373,0.339,0.341,0.814,6.2
23,755,7344,0.417,0.354,0.793,9.7
24,72,380,0.347,0.2,0.62,5.3
25,208,560,0.502,0,0.591,2.7
26,142,729,0.409,0.288,0.606,5.1
27,776,3463,0.429,0.352,0.779,4.5
28,45,130,0.325,0.091,0.563,2.9
29,,,,,,
30,,,,,,
31,48,120,0.4,0,0.87,2.5
32,19,49,0.359,0,0.778,2.6
33,44,108,0.56,0.429,0.647,2.5
34,39,128,0.414,0.167,0.721,3.3
35,15,40,0.462,,0.64,2.7
36,23,59,0.382,0.45,0.571,2.6
37,387,3238,0.446,0.226,0.814,8.4
38,54,275,0.391,0.362,0.632,5.1
39,793,4432,0.414,0.356,0.745,5.6
40,,,,,,
41,17,26,0.6,,0.8,1.5
42,858,12976,0.414,0.333,0.798,15.1
43,,,,,,
44,260,1885,0.436,0.14,0.715,7.3
45,20,61,0.328,0,0.767,3.1
46,104,716,0.402,0.346,0.757,6.9
47,460,4161,0.421,0.313,0.76,9
48,278,2187,0.425,0.34,0.799,7.9
49,,,,,,
50,252,1654,0.437,0.347,0.824,6.6
51,80,265,0.383,0.39,0.7,3.3
52,,,,,,
53,,,,,,
54,605,4941,0.504,0.359,0.723,8.2
55,,,,,,
56,,,,,,
57,,,,,,
1,500,4135,0.435,,0.597,8.3
2,1001,14698,0.436,0.379,0.802,14.7
3,563,5690,0.466,0.363,0.711,10.1
4,1083,20042,0.451,0.346,0.724,18.5
5,1541,25728,0.435,0.371,0.798,16.7
6,438,2085,0.474,0.167,0.577,4.8
7,788,8266,0.398,0.327,0.813,10.5
8,727,10242,0.406,0.309,0.757,14.1
9,1522,31560,0.471,0.38,0.879,20.7
10,1343,26397,0.445,0.368,0.806,19.7
11,591,7147,0.46,0.327,0.697,12.1
12,587,2882,0.439,0.125,0.791,4.9
13,353,2882,0.5,0.053,0.645,8.2
14,212,3257,0.432,0.402,0.784,15.4
15,665,7645,0.481,0.333,0.753,11.5
16,243,1081,0.382,0.371,0.83,4.4
17,811,5519,0.502,0.077,0.585,6.8
18,17,33,0.368,0,0.625,1.9
19,552,4017,0.417,0.398,0.806,7.3
20,113,817,0.409,0.111,0.819,7.2
21,736,9912,0.446,0.361,0.781,13.5
22,608,2876,0.494,0.333,0.566,4.7
23,554,4710,0.437,0.391,0.829,8.5
24,249,1448,0.432,0.327,0.659,5.8
25,981,13237,0.444,0.352,0.727,13.5
26,68,283,0.511,0.36,0.739,4.2
27,270,1118,0.425,0.133,0.536,4.1
28,153,835,0.39,0.289,0.652,5.5
29,1005,5827,0.486,0,0.64,5.8
30,127,401,0.434,0.276,0.64,3.2
31,649,6953,0.517,0.179,0.641,10.7
32,1049,15579,0.452,0.386,0.805,14.9
33,260,1200,0.539,,0.49,4.6
34,325,1892,0.401,0.366,0.798,5.8
35,102,173,0.356,0.208,0.526,1.7
36,358,1540,0.485,0,0.617,4.3
37,9,2,0.125,,,0.2
38,5,6,0.333,,,1.2
39,671,6799,0.383,0.354,0.729,10.1
40,3,13,0.5,0.25,1,4.3
41,747,11964,0.433,0.378,0.835,16
42,5,2,0.2,0,,0.4
43,334,1954,0.51,0,0.534,5.9
44,230,638,0.448,0.2,0.665,2.8
45,73,241,0.407,0.2,0.692,3.3
46,40,120,0.455,0,0.778,3
47,1,4,1,1,0.5,4
48,43,99,0.352,0,0.787,2.3
49,42,171,0.329,0.167,0.75,4.1
50,,,,,,
51,,,,,,
52,82,253,0.372,0.19,0.672,3.1
53,570,2878,0.45,0.334,0.757,5
54,103,301,0.409,0.2,0.791,2.9
55,507,1319,0.456,0.206,0.693,2.6
56,30,97,0.365,0.4,0.556,3.2
57,22,46,0.475,,0.667,2.1
58,105,286,0.616,0.375,0.74,2.7
1,1058,16827,0.5,0.095,0.736,15.9
2,576,10446,0.429,0.341,0.797,18.1
3,835,13447,0.409,0.32,0.711,16.1
4,961,12781,0.463,0.312,0.693,13.3
5,262,1453,0.417,0.34,0.763,5.5
6,651,9195,0.485,0.406,0.86,14.1
7,921,15708,0.449,0.346,0.852,17.1
8,1304,16278,0.461,0.217,0.807,12.5
9,1163,17700,0.484,0.331,0.81,15.2
10,1410,18881,0.444,0.38,0.845,13.4
11,119,647,0.416,0.396,0.91,5.4
12,15,26,0.308,,0.625,1.7
13,827,13198,0.453,0.324,0.822,16
14,142,379,0.33,0.255,0.714,2.7
15,,,,,,
16,991,13058,0.414,0.339,0.715,13.2
17,142,424,0.404,0.182,0.768,3
18,864,7419,0.41,0.349,0.82,8.6
19,159,567,0.397,0.333,0.71,3.6
20,294,2407,0.411,0.317,0.756,8.2
21,764,3747,0.497,0.13,0.615,4.9
22,632,5876,0.465,0.244,0.699,9.3
23,630,3536,0.392,0.343,0.721,5.6
24,797,9431,0.474,0.31,0.754,11.8
25,43,68,0.329,0.333,0.652,1.6
26,199,1381,0.383,0.321,0.726,6.9
27,471,3325,0.424,0.349,0.704,7.1
28,448,1874,0.41,0.373,0.736,4.2
29,15,33,0.393,,0.647,2.2
30,16,37,0.333,0.222,0.833,2.3
31,,,,,,
32,414,716,0.407,0,0.459,1.7
33,70,224,0.336,0.328,0.692,3.2
34,153,421,0.463,,0.621,2.8
35,366,1190,0.451,0.222,0.748,3.3
36,137,604,0.417,0.385,0.735,4.4
37,143,510,0.423,0,0.72,3.6
38,135,441,0.419,0.236,0.712,3.3
39,8,8,0.19,,,1
40,384,3670,0.442,0.368,0.823,9.6
41,472,1726,0.478,0.188,0.7,3.7
42,,,,,,
43,306,2622,0.474,0.111,0.786,8.6
44,,,,,,
45,1,5,0.333,0,1,5
46,,,,,,
47,223,1369,0.541,,0.642,6.1
48,,,,,,
49,25,34,0.406,,0.667,1.4
50,,,,,,
51,,,,,,
52,,,,,,
53,230,1472,0.412,0.3,0.758,6.4
54,,,,,,
55,,,,,,
56,25,54,0.333,,0.778,2.2
57,1057,14043,0.447,0.369,0.827,13.3
58,,,,,,
1,757,9325,0.483,0.234,0.629,12.3
2,547,4582,0.473,0.074,0.699,8.4
3,446,4507,0.472,0.168,0.59,10.1
4,289,2782,0.435,0.191,0.691,9.6
5,1032,10973,0.459,0.407,0.769,10.6
6,344,2121,0.411,0.336,0.789,6.2
7,436,3262,0.459,0.231,0.704,7.5
8,1327,19419,0.41,0.348,0.862,14.6
9,592,2293,0.552,0,0.557,3.9
10,728,5067,0.416,0.349,0.799,7
11,145,386,0.489,0,0.593,2.7
12,409,2341,0.513,,0.603,5.7
13,187,1690,0.422,0.339,0.813,9
14,167,609,0.389,0.267,0.728,3.6
15,151,841,0.455,0.35,0.738,5.6
16,997,11022,0.426,0.384,0.784,11.1
17,643,7767,0.449,0.26,0.74,12.1
18,783,8032,0.397,0.355,0.718,10.3
19,680,4917,0.48,0,0.639,7.2
20,334,3096,0.409,0.193,0.762,9.3
21,711,7628,0.418,0.373,0.773,10.7
22,205,1150,0.46,0.1,0.659,5.6
23,824,5930,0.406,0.34,0.698,7.2
24,95,251,0.361,0,0.559,2.6
25,315,1497,0.49,0,0.657,4.8
26,69,262,0.427,0,0.736,3.8
27,342,2452,0.498,0.167,0.701,7.2
28,27,77,0.356,0.267,0.9,2.9
29,453,975,0.457,0.063,0.527,2.2
30,447,3193,0.404,0.344,0.73,7.1
31,133,393,0.391,0.289,0.613,3
32,80,442,0.377,0.378,0.822,5.5
33,450,1814,0.487,0.333,0.714,4
34,50,314,0.37,0.333,0.778,6.3
35,17,51,0.322,0.167,0.625,3
36,47,68,0.389,,0.462,1.4
37,717,5356,0.409,0.39,0.851,7.5
38,619,3052,0.481,0.311,0.671,4.9
39,61,195,0.335,0.25,0.795,3.2
40,155,715,0.442,0.063,0.783,4.6
41,,,,,,
42,93,127,0.495,,0.659,1.4
43,629,11972,0.447,0.38,0.838,19
44,456,2108,0.408,0.372,0.861,4.6
45,108,329,0.413,0.125,0.69,3
46,,,,,,
47,,,,,,
48,,,,,,
49,341,1623,0.417,0.315,0.788,4.8
50,19,22,0.4,0.333,0.75,1.2
51,42,78,0.379,0.417,0.806,1.9
52,3,3,0.167,,0.25,1
53,6,18,0.5,,0,3
54,,,,,,
55,51,440,0.389,0,0.667,8.6
56,,,,,,
57,,,,,,
58,,,,,,
1,607,4035,0.492,0.111,0.57,6.6
2,1160,9509,0.597,0,0.644,8.2
3,1226,20894,0.507,0.368,0.753,17
4,527,6820,0.545,1,0.642,12.9
5,857,14644,0.438,0.37,0.707,17.1
6,977,8408,0.437,0.384,0.743,8.6
7,303,2171,0.377,0.315,0.671,7.2
8,601,1185,0.427,0.167,0.467,2
9,218,1540,0.424,0.314,0.749,7.1
10,1277,20407,0.441,0.371,0.802,16
11,143,509,0.405,0.274,0.64,3.6
12,737,5879,0.415,0.378,0.758,8
13,1181,14904,0.464,0.376,0.768,12.6
14,729,7860,0.445,0.388,0.785,10.8
15,400,1817,0.56,0,0.485,4.5
16,27,32,0.232,0,0.5,1.2
17,173,483,0.477,0.143,0.511,2.8
18,735,2621,0.411,0.206,0.647,3.6
19,1116,18578,0.471,0.273,0.764,16.6
20,816,5538,0.528,0,0.587,6.8
21,25,30,0.234,0,0.8,1.2
22,82,204,0.303,0.295,0.687,2.5
23,108,239,0.352,0.333,0.6,2.2
24,113,733,0.429,0.346,0.853,6.5
25,832,9933,0.469,0.312,0.709,11.9
26,886,6814,0.521,0.083,0.706,7.7
27,547,4652,0.393,0.299,0.716,8.5
28,1254,19473,0.491,0.324,0.751,15.5
30,644,3741,0.445,0.318,0.765,5.8
31,552,11402,0.421,0.351,0.803,20.7
32,22,37,0.333,0,0.5,1.7
33,115,584,0.378,0.298,0.692,5.1
34,139,472,0.407,0.196,0.711,3.4
35,520,1594,0.39,0.344,0.783,3.1
36,31,88,0.337,0.462,0.7,2.8
37,39,108,0.336,0.286,0.667,2.8
38,634,8561,0.458,0.375,0.797,13.5
39,,,,,,
40,878,5593,0.411,0.324,0.703,6.4
41,54,89,0.372,0.25,0.393,1.6
42,466,4189,0.437,0.396,0.823,9
43,,,,,,
44,,,,,,
45,45,203,0.463,0,0.691,4.5
46,215,555,0.419,0.143,0.642,2.6
47,,,,,,
48,28,108,0.404,0.304,0.85,3.9
49,16,32,0.405,,0.333,2
50,44,43,0.368,,0.556,1
51,73,186,0.507,,0.697,2.5
52,,,,,,
53,542,2095,0.455,0,0.699,3.9
54,75,321,0.335,0.218,0.746,4.3
55,,,,,,
56,,,,,,
57,23,26,0.4,,0.5,1.1
58,,,,,,
1,486,9247,0.524,0.2,0.833,19
2,75,714,0.399,0.322,0.64,9.5
3,986,11048,0.441,0.377,0.803,11.2
4,790,8653,0.462,0.257,0.76,11
5,172,507,0.304,0.235,0.73,2.9
6,103,964,0.366,0.321,0.77,9.4
7,965,10909,0.548,0.132,0.66,11.3
8,628,5150,0.541,0,0.643,8.2
9,846,15994,0.537,0.236,0.761,18.9
10,881,12430,0.434,0.348,0.847,14.1
11,629,3003,0.426,0.25,0.583,4.8
12,375,1992,0.46,0,0.625,5.3
13,89,311,0.437,0.35,0.659,3.5
14,430,3206,0.411,0.353,0.809,7.5
15,317,2252,0.406,0.375,0.784,7.1
16,247,1519,0.403,0.343,0.752,6.1
17,436,3678,0.413,0.341,0.833,8.4
18,83,258,0.421,0,0.742,3.1
19,85,197,0.344,0,0.539,2.3
20,346,2213,0.4,0.358,0.703,6.4
21,167,691,0.452,0.357,0.603,4.1
22,287,1488,0.393,0.352,0.769,5.2
23,1017,11272,0.455,0.367,0.756,11.1
24,419,4210,0.494,0.143,0.73,10
25,86,253,0.352,0.3,0.833,2.9
26,895,8292,0.431,0.366,0.799,9.3
27,72,281,0.383,0.365,0.667,3.9
28,300,1745,0.401,0.341,0.831,5.8
30,,,,,,
31,518,3289,0.408,0.383,0.866,6.3
32,44,51,0.283,,0.429,1.2
33,59,406,0.393,0.269,0.79,6.9
34,527,2465,0.5,0,0.498,4.7
35,861,13976,0.521,0.071,0.722,16.2
36,,,,,,
37,103,501,0.44,0.347,0.674,4.9
38,9,11,0.25,0,0.625,1.2
39,,,,,,
40,82,896,0.402,0.361,0.849,10.9
41,73,198,0.467,0,0.636,2.7
42,487,4817,0.414,0.304,0.725,9.9
43,,,,,,
44,162,637,0.466,0.2,0.657,3.9
45,,,,,,
46,929,7589,0.436,0.335,0.745,8.2
47,72,142,0.491,0,0.537,2
48,1,4,0.667,,,4
49,,,,,,
50,495,3415,0.499,0.158,0.844,6.9
51,,,,,,
52,,,,,,
53,809,6092,0.403,0.362,0.747,7.5
54,66,173,0.361,0.265,0.538,2.6
55,,,,,,
56,743,8882,0.493,0.339,0.74,12
57,4,2,1,,,0.5
58,10,27,0.323,,0.583,2.7
1,1366,37062,0.505,0.346,0.734,27.1
2,468,2813,0.46,0,0.574,6
3,1260,28289,0.447,0.355,0.814,22.5
4,893,17189,0.494,0.335,0.799,19.2
5,1054,23165,0.48,0.293,0.765,22
6,735,8208,0.489,0.042,0.743,11.2
7,879,9594,0.411,0.375,0.8,10.9
8,429,4797,0.433,0.289,0.815,11.2
9,233,1516,0.485,0,0.689,6.5
10,427,3553,0.415,0.356,0.798,8.3
11,557,4629,0.425,0.355,0.665,8.3
12,910,5359,0.534,0.208,0.723,5.9
13,348,2061,0.432,0.327,0.768,5.9
14,830,7740,0.431,0.349,0.862,9.3
15,71,123,0.324,0.269,0.606,1.7
16,6,11,0.222,0,1,1.8
17,150,640,0.427,0.273,0.733,4.3
18,1034,14034,0.495,0.265,0.817,13.6
19,567,2787,0.404,0.346,0.673,4.9
20,624,3353,0.439,0.329,0.751,5.4
21,1064,9139,0.493,0.336,0.717,8.6
22,148,561,0.405,0.289,0.677,3.8
23,622,5273,0.423,0.337,0.744,8.5
24,421,2312,0.439,0.382,0.783,5.5
25,507,4115,0.401,0.365,0.758,8.1
26,19,40,0.486,0,0.462,2.1
27,782,4214,0.53,0,0.594,5.4
28,850,9035,0.459,0.387,0.821,10.6
29,507,7270,0.448,0.332,0.77,14.3
30,64,215,0.407,0.25,0.676,3.4
31,509,3398,0.442,0.434,0.835,6.7
32,564,2649,0.429,0.326,0.715,4.7
33,2,2,0.333,,,1
34,,,,,,
35,,,,,,
36,,,,,,
37,41,123,0.354,0.3,0.815,3
38,870,5662,0.401,0.383,0.779,6.5
39,1,0,0,,,0
40,2,4,0.667,,,2
41,731,6059,0.425,0.346,0.765,8.3
42,1098,7414,0.469,0,0.751,6.8
43,671,4257,0.394,0.353,0.716,6.3
44,,,,,,
45,792,4632,0.464,0.414,0.78,5.8
46,,,,,,
47,818,10759,0.434,0.378,0.871,13.2
48,11,11,0.444,,0.6,1
49,709,3717,0.401,0.401,0.84,5.2
50,,,,,,
51,1232,11953,0.442,0.429,0.877,9.7
52,,,,,,
53,,,,,,
54,,,,,,
55,,,,,,
56,67,220,0.476,0,0.488,3.3
57,,,,,,
58,13,17,0.471,,0.5,1.3
1,1242,19485,0.587,0.214,0.567,15.7
2,616,7370,0.512,0,0.586,12
3,744,11084,0.432,0.401,0.857,14.9
4,833,5231,0.486,0.178,0.794,6.3
5,985,10597,0.432,0.325,0.796,10.8
6,391,3548,0.522,0.329,0.779,9.1
7,902,13361,0.456,0.332,0.769,14.8
8,139,389,0.405,0.25,0.679,2.8
9,1223,13951,0.463,0.33,0.709,11.4
10,73,252,0.357,0.36,0.732,3.5
11,516,3247,0.594,0,0.5,6.3
12,97,416,0.506,,0.61,4.3
13,564,4183,0.39,0.319,0.777,7.4
14,800,5350,0.463,0.293,0.7,6.7
15,915,14343,0.499,0.121,0.711,15.7
16,211,1333,0.438,0.327,0.699,6.3
17,894,12996,0.452,0.285,0.632,14.5
18,977,12148,0.419,0.373,0.733,12.4
19,549,4597,0.424,0.365,0.806,8.4
20,878,9940,0.436,0.368,0.81,11.3
21,6,4,0,,0.5,0.7
22,143,643,0.443,0.292,0.658,4.5
23,26,77,0.333,0.265,0.714,3
24,432,4198,0.448,0.372,0.826,9.7
25,820,6654,0.475,0.282,0.709,8.1
26,714,12396,0.437,0.384,0.87,17.4
27,581,3094,0.39,0.367,0.858,5.3
28,831,6952,0.463,0.349,0.833,8.4
29,189,949,0.53,,0.525,5
30,632,4574,0.509,0.023,0.63,7.2
31,87,285,0.408,0,0.58,3.3
32,6,11,0.5,,0.5,1.8
33,36,111,0.336,0.245,0.625,3.1
34,61,165,0.421,0.308,0.65,2.7
35,14,20,0.462,0,0.615,1.4
36,81,186,0.387,0.235,0.571,2.3
37,492,1641,0.406,0.361,0.706,3.3
38,606,3946,0.393,0.363,0.784,6.5
39,,,,,,
40,136,472,0.404,0,0.752,3.5
41,,,,,,
42,,,,,,
43,1118,11593,0.422,0.351,0.731,10.4
44,,,,,,
45,128,576,0.417,0.161,0.786,4.5
46,46,70,0.519,,0.5,1.5
47,76,219,0.416,,0.678,2.9
48,,,,,,
49,,,,,,
50,31,85,0.319,0.172,0.81,2.7
51,,,,,,
52,,,,,,
53,42,133,0.293,0.224,0.714,3.2
54,,,,,,
55,16,35,0.483,0.5,1,2.2
56,,,,,,
57,,,,,,
58,,,,,,
59,,,,,,
1,706,6808,0.535,0.12,0.557,9.6
2,1072,10965,0.443,0.361,0.808,10.2
3,845,13804,0.445,0.357,0.822,16.3
4,1155,20936,0.473,0.369,0.871,18.1
5,971,10853,0.412,0.329,0.79,11.2
6,580,5056,0.418,0.382,0.791,8.7
7,656,6808,0.435,0.341,0.772,10.4
8,890,7786,0.44,0.388,0.822,8.7
9,225,1348,0.509,0.5,0.786,6
10,418,4822,0.556,0.111,0.69,11.5
11,,,,,,
12,34,39,0.283,0.25,0.625,1.1
13,119,821,0.458,0.231,0.746,6.9
14,249,2479,0.431,0.368,0.741,10
15,297,1614,0.412,0.304,0.674,5.4
16,377,2239,0.483,0.3,0.815,5.9
17,586,9855,0.434,0.38,0.848,16.8
18,658,6412,0.417,0.361,0.818,9.7
19,526,4947,0.49,0.191,0.726,9.4
20,23,28,0.44,,0.5,1.2
21,618,6807,0.423,0.36,0.796,11
22,867,9349,0.44,0.343,0.855,10.8
23,549,4323,0.427,0.357,0.799,7.9
24,348,2842,0.423,0.388,0.773,8.2
25,473,2202,0.462,0.154,0.678,4.7
26,618,3481,0.495,0,0.564,5.6
27,409,3561,0.435,0.335,0.763,8.7
28,618,3209,0.533,0.16,0.612,5.2
29,51,169,0.469,,0.854,3.3
30,829,11232,0.535,0.034,0.772,13.5
31,157,1260,0.407,0.366,0.882,8
32,127,431,0.389,0.295,0.78,3.4
33,758,6575,0.499,0.207,0.832,8.7
34,849,8108,0.411,0.358,0.809,9.6
35,,,,,,
36,825,8364,0.443,0.367,0.777,10.1
37,473,2209,0.533,0,0.636,4.7
38,179,854,0.388,0.353,0.847,4.8
39,200,1054,0.42,0.325,0.751,5.3
40,833,14858,0.451,0.314,0.772,17.8
41,85,341,0.387,0.189,0.746,4
42,17,47,0.605,,0.167,2.8
43,5,0,0,,,0
44,6,0,0,,,0
45,1123,15593,0.419,0.351,0.842,13.9
46,,,,,,
47,26,129,0.405,0.324,0.794,5
48,145,670,0.47,0.316,0.815,4.6
49,564,5706,0.467,0.237,0.725,10.1
50,487,4926,0.445,0.349,0.799,10.1
51,23,49,0.404,,0.5,2.1
52,,,,,,
53,131,326,0.387,0.212,0.642,2.5
54,16,45,0.425,0.308,0.875,2.8
55,87,334,0.452,0,0.688,3.8
56,870,6102,0.57,0.332,0.673,7
57,806,7951,0.551,0.15,0.68,9.9
58,20,38,0.538,0.5,0.692,1.9
59,,,,,,
60,30,81,0.37,0.32,0.5,2.7
1,550,7873,0.439,0.354,0.824,14.3
2,1076,20558,0.493,0.32,0.813,19.1
3,161,1200,0.373,0.331,0.71,7.5
4,402,3093,0.438,0.235,0.732,7.7
5,361,1618,0.462,0.222,0.74,4.5
6,326,6136,0.459,0.348,0.8,18.8
7,752,7729,0.401,0.366,0.852,10.3
8,1064,17349,0.453,0.349,0.799,16.3
9,90,186,0.494,0,0.583,2.1
10,47,103,0.427,,0.589,2.2
11,940,12028,0.447,0.415,0.892,12.8
12,292,880,0.501,0.286,0.582,3
13,869,4994,0.449,0.349,0.732,5.7
14,502,3940,0.49,0.254,0.675,7.8
15,75,163,0.409,,0.39,2.2
16,299,1778,0.422,0.338,0.704,5.9
17,314,1769,0.403,0.339,0.755,5.6
18,111,438,0.386,0.29,0.793,3.9
19,143,588,0.389,0.312,0.884,4.1
20,221,894,0.51,0.172,0.542,4
21,957,9337,0.456,0.324,0.611,9.8
22,203,1128,0.386,0.321,0.767,5.6
23,256,1340,0.544,,0.445,5.2
24,1023,15116,0.425,0.368,0.813,14.8
25,408,3118,0.42,0.332,0.807,7.6
26,504,3888,0.423,0.374,0.739,7.7
27,353,1747,0.409,0.337,0.739,4.9
28,82,169,0.339,0.25,0.566,2.1
29,189,742,0.38,0.299,0.599,3.9
30,151,477,0.459,0,0.728,3.2
31,67,182,0.438,0.34,0.676,2.7
32,467,2177,0.437,0.43,0.877,4.7
33,281,839,0.467,0.111,0.717,3
34,82,217,0.402,0,0.732,2.6
35,777,5536,0.425,0.364,0.748,7.1
36,403,3080,0.553,0.037,0.661,7.6
37,91,288,0.442,0.306,0.685,3.2
38,7,10,0.3,,0.667,1.4
39,68,184,0.367,0.321,0.86,2.7
40,,,,,,
41,27,42,0.514,,0.5,1.6
42,397,3115,0.402,0.407,0.78,7.8
43,26,50,0.457,0.421,0.556,1.9
44,,,,,,
45,102,439,0.517,,0.672,4.3
46,68,140,0.34,0.25,0.643,2.1
47,1085,14536,0.489,0.341,0.736,13.4
48,,,,,,
49,239,1484,0.515,0,0.682,6.2
50,518,1913,0.584,0,0.649,3.7
51,22,22,0.25,0,0.444,1
52,6,5,0.25,0,0.6,0.8
53,,,,,,
54,73,185,0.534,0,0.643,2.5
55,,,,,,
56,,,,,,
57,,,,,,
58,,,,,,
59,30,51,0.365,0.375,0.636,1.7
60,14,25,0.3,0.2,1,1.8
1,105,840,0.574,,0.658,8
2,939,25526,0.496,0.384,0.884,27.2
3,950,12989,0.515,0.36,0.759,13.7
4,958,14221,0.439,0.382,0.82,14.8
5,1051,13295,0.448,0.339,0.806,12.6
6,272,2148,0.404,0.333,0.78,7.9
7,819,7097,0.425,0.284,0.713,8.7
8,428,2976,0.607,0,0.674,7
9,672,5881,0.491,0,0.7,8.8
10,684,5932,0.457,0.35,0.716,8.7
11,188,725,0.413,0.235,0.778,3.9
12,1085,13848,0.502,0.332,0.663,12.8
13,231,907,0.499,0.262,0.584,3.9
14,296,3527,0.452,0.293,0.747,11.9
15,651,8185,0.423,0.3,0.824,12.6
16,720,8194,0.418,0.376,0.836,11.4
17,137,581,0.511,0,0.624,4.2
18,860,8370,0.424,0.376,0.846,9.7
19,113,595,0.442,0.231,0.638,5.3
20,616,3777,0.468,0.333,0.783,6.1
21,328,2114,0.369,0.359,0.813,6.4
22,904,6633,0.463,0.393,0.732,7.3
23,676,8463,0.443,0.341,0.77,12.5
24,249,2254,0.399,0.36,0.84,9.1
25,38,119,0.381,0.292,0.743,3.1
26,645,6259,0.413,0.37,0.837,9.7
27,762,8198,0.45,0.386,0.825,10.8
28,355,2816,0.555,0.143,0.697,7.9
29,51,211,0.423,0.294,0.783,4.1
30,,,,,,
31,513,5541,0.535,0.3,0.785,10.8
32,62,125,0.321,0.283,0.783,2
33,13,14,0.318,,,1.1
34,26,107,0.561,0,0.682,4.1
35,514,4111,0.447,0.182,0.7,8
36,52,162,0.425,,0.578,3.1
37,433,2333,0.463,0.34,0.705,5.4
38,135,305,0.496,0,0.41,2.3
39,,,,,,
40,10,6,0.273,0,,0.6
41,70,135,0.483,,0.605,1.9
42,2,10,0.273,0,1,5
43,,,,,,
44,,,,,,
45,,,,,,
46,16,83,0.451,,0.594,5.2
47,342,939,0.419,0.188,0.658,2.7
48,891,12514,0.481,0.36,0.776,14
49,318,1066,0.509,0,0.562,3.4
50,,,,,,
51,1,0,,,,0
52,17,27,0.28,0.182,0.917,1.6
53,18,22,0.281,0.2,0.5,1.2
54,,,,,,
55,,,,,,
56,691,7141,0.434,0.316,0.791,10.3
57,,,,,,
58,,,,,,
59,33,73,0.315,0.24,0.474,2.2
60,,,,,,
1,672,12230,0.457,0.316,0.83,18.2
2,609,7568,0.465,0.349,0.759,12.4
3,547,7574,0.429,0.373,0.82,13.8
4,1021,23298,0.438,0.305,0.783,22.8
5,812,14305,0.441,0.373,0.829,17.6
6,728,11327,0.428,0.382,0.877,15.6
7,749,12263,0.428,0.371,0.81,16.4
8,67,282,0.41,0.34,0.698,4.2
9,976,9259,0.412,0.381,0.867,9.5
10,868,14247,0.494,0.341,0.796,16.4
11,586,4909,0.411,0.361,0.818,8.4
12,588,5210,0.496,0.143,0.657,8.9
13,481,3250,0.426,0.402,0.706,6.8
14,252,1789,0.453,0.241,0.74,7.1
15,939,8196,0.536,0.294,0.742,8.7
16,705,5592,0.459,0.356,0.797,7.9
17,662,6611,0.465,0.25,0.755,10
18,821,6536,0.576,0.182,0.605,8
19,534,5081,0.505,0,0.617,9.5
20,293,1553,0.503,0.286,0.797,5.3
21,649,8001,0.422,0.38,0.854,12.3
22,811,7765,0.451,0.388,0.853,9.6
23,686,3913,0.534,0,0.582,5.7
24,903,10962,0.513,0.36,0.758,12.1
25,915,10149,0.437,0.363,0.837,11.1
26,869,9313,0.456,0.38,0.807,10.7
27,503,3282,0.444,0.352,0.765,6.5
28,253,1541,0.406,0.304,0.701,6.1
29,138,810,0.507,0.333,0.72,5.9
30,38,73,0.476,0,0.565,1.9
31,271,3405,0.518,,0.76,12.6
32,8,8,0.364,0,0,1
33,130,344,0.534,0,0.375,2.6
34,646,5743,0.417,0.351,0.793,8.9
35,980,8933,0.673,0.083,0.475,9.1
36,471,2479,0.528,0,0.551,5.3
37,689,4380,0.454,0.334,0.659,6.4
38,73,363,0.441,0.353,0.736,5
39,183,1189,0.465,0.283,0.702,6.5
40,222,1571,0.439,0.329,0.831,7.1
41,45,126,0.435,0,0.684,2.8
42,37,90,0.365,0.4,0.857,2.4
43,7,3,0,0,0.75,0.4
44,,,,,,
45,888,12203,0.46,0.362,0.767,13.7
46,,,,,,
47,181,1079,0.446,0.369,0.76,6
48,62,149,0.512,0.167,0.514,2.4
49,,,,,,
50,,,,,,
51,,,,,,
52,138,308,0.449,0.235,0.644,2.2
53,,,,,,
54,,,,,,
55,51,289,0.412,0.325,0.691,5.7
56,25,23,0.529,,0.455,0.9
57,,,,,,
58,2,9,0.3,0.25,1,4.5
59,,,,,,
60,69,262,0.546,,0.594,3.8
1,724,14343,0.493,0.327,0.696,19.8
2,224,483,0.567,,0.578,2.2
3,942,23477,0.442,0.361,0.86,24.9
4,594,9347,0.44,0.323,0.757,15.7
5,665,7399,0.389,0.326,0.843,11.1
6,163,1504,0.4,0.338,0.809,9.2
7,826,20064,0.473,0.428,0.908,24.3
8,409,3232,0.497,0.136,0.699,7.9
9,957,19869,0.465,0.288,0.837,20.8
10,555,7801,0.387,0.345,0.796,14.1
11,153,1085,0.412,0.317,0.659,7.1
12,535,5987,0.44,0.327,0.793,11.2
13,428,2881,0.439,0.136,0.738,6.7
14,261,1138,0.403,0.328,0.664,4.4
15,293,1522,0.402,0.351,0.778,5.2
16,747,5763,0.474,0.302,0.679,7.7
17,839,13586,0.46,0.363,0.776,16.2
18,551,6977,0.46,0.359,0.77,12.7
19,826,10061,0.444,0.36,0.844,12.2
20,267,1141,0.392,0.35,0.721,4.3
21,711,8861,0.471,0.394,0.853,12.5
22,80,258,0.398,0.293,0.585,3.2
23,588,4642,0.454,0.368,0.678,7.9
24,189,1398,0.408,0.319,0.706,7.4
25,182,1286,0.439,0.325,0.81,7.1
26,896,8088,0.518,0.257,0.713,9
27,578,5150,0.43,0.358,0.741,8.9
28,770,6190,0.41,0.382,0.843,8
29,394,3009,0.404,0.354,0.824,7.6
30,51,320,0.411,0.277,0.611,6.3
31,237,690,0.553,0.4,0.776,2.9
32,65,351,0.441,0.284,0.73,5.4
33,715,4133,0.469,0.345,0.649,5.8
34,,,,,,
35,83,278,0.384,0.367,0.642,3.3
36,249,1436,0.442,0.28,0.742,5.8
37,424,2865,0.524,0,0.608,6.8
38,150,320,0.488,0,0.618,2.1
39,635,3919,0.457,0.363,0.77,6.2
40,171,895,0.515,0.317,0.637,5.2
41,539,4988,0.42,0.373,0.879,9.3
42,526,4654,0.414,0.378,0.756,8.8
43,483,5750,0.425,0.358,0.83,11.9
44,407,3198,0.43,0.352,0.797,7.9
45,129,590,0.441,0.288,0.581,4.6
46,819,7143,0.421,0.399,0.804,8.7
47,,,,,,
48,8,10,0.4,0,0.5,1.3
49,,,,,,
50,,,,,,
51,,,,,,
52,261,1523,0.38,0.316,0.742,5.8
53,119,453,0.429,0.363,0.835,3.8
54,,,,,,
55,820,7520,0.426,0.389,0.855,9.2
56,,,,,,
57,,,,,,
58,57,268,0.375,0.277,0.806,4.7
59,,,,,,
60,,,,,,
1,613,11702,0.431,0.323,0.779,19.1
2,705,6824,0.434,0.294,0.782,9.7
3,790,8354,0.534,0.198,0.663,10.6
4,609,4235,0.404,0.337,0.741,7
5,654,12802,0.46,0.331,0.737,19.6
6,384,1353,0.453,0,0.718,3.5
7,646,8402,0.514,0.059,0.703,13
8,711,5350,0.42,0.332,0.746,7.5
9,734,11454,0.453,0.371,0.826,15.6
10,737,15029,0.435,0.382,0.848,20.4
11,339,1050,0.527,,0.738,3.1
12,185,1050,0.406,0.325,0.635,5.7
13,722,4291,0.567,0,0.583,5.9
14,719,4782,0.447,0.369,0.755,6.7
15,238,1520,0.48,0,0.553,6.4
16,381,1818,0.408,0.402,0.747,4.8
17,423,2516,0.489,0,0.715,5.9
18,756,10348,0.452,0.336,0.784,13.7
19,660,7279,0.434,0.365,0.783,11
20,247,1422,0.411,0.321,0.755,5.8
21,17,30,0.265,0.214,0.5,1.8
22,109,537,0.421,0.31,0.669,4.9
23,532,3679,0.515,0.305,0.636,6.9
24,39,150,0.415,0,0.667,3.8
25,80,246,0.366,0.095,0.729,3.1
26,355,1609,0.423,0.356,0.746,4.5
27,281,3432,0.411,0.317,0.826,12.2
28,401,3591,0.418,0.349,0.817,9
29,51,143,0.485,0,0.597,2.8
30,72,207,0.347,0.269,0.767,2.9
31,12,24,0.44,0,1,2
32,50,116,0.45,,0.545,2.3
33,511,6450,0.586,0.308,0.605,12.6
34,47,157,0.458,0.4,0.679,3.3
35,449,3412,0.466,0.384,0.759,7.6
36,,,,,,
37,5,4,0.154,0,,0.8
38,5,8,0.429,0.25,0.5,1.6
39,255,1731,0.473,0.332,0.666,6.8
40,554,4738,0.445,0.314,0.694,8.6
41,37,107,0.582,,0.518,2.9
42,,,,,,
43,63,224,0.385,0.222,0.722,3.6
44,65,180,0.528,,0.852,2.8
45,,,,,,
46,1,0,,,,0
47,,,,,,
48,,,,,,
49,,,,,,
50,26,39,0.314,,0.7,1.5
51,,,,,,
52,70,253,0.376,0.241,0.737,3.6
53,3,7,0.333,0,1,2.3
54,19,37,0.371,0.333,0.75,1.9
55,250,879,0.569,0.231,0.687,3.5
56,33,20,0.467,,0.462,0.6
57,5,8,0.8,,,1.6
58,41,81,0.485,,0.739,2
59,,,,,,
60,,,,,,
1,611,14089,0.47,0.393,0.882,23.1
2,428,3809,0.434,0.3,0.71,8.9
3,748,8349,0.548,0.289,0.777,11.2
4,730,6592,0.519,0.263,0.605,9
5,695,9319,0.563,0.359,0.785,13.4
6,162,590,0.521,0,0.408,3.6
7,738,3814,0.53,0,0.564,5.2
8,451,6301,0.411,0.352,0.807,14
9,741,14414,0.418,0.36,0.84,19.5
10,241,1438,0.409,0.372,0.879,6
11,647,12647,0.458,0.417,0.849,19.5
12,625,6649,0.418,0.38,0.799,10.6
13,715,7822,0.446,0.341,0.777,10.9
14,718,8921,0.435,0.377,0.773,12.4
15,576,11085,0.493,0.384,0.858,19.2
16,741,12553,0.494,0.348,0.757,16.9
17,461,3320,0.391,0.337,0.764,7.2
18,148,612,0.376,0.319,0.633,4.1
19,753,12313,0.476,0.367,0.828,16.4
20,251,1832,0.469,0.3,0.597,7.3
21,84,277,0.371,0.26,0.714,3.3
22,478,5430,0.546,0.222,0.654,11.4
23,319,3910,0.423,0.359,0.808,12.3
24,703,9183,0.424,0.345,0.854,13.1
25,200,1592,0.447,0.345,0.751,8
26,151,890,0.408,0.357,0.67,5.9
27,36,114,0.446,,0.667,3.2
28,360,2506,0.407,0.324,0.743,7
29,728,5161,0.444,0.344,0.787,7.1
30,690,12222,0.46,0.321,0.841,17.7
31,603,9043,0.457,0.392,0.861,15
32,22,45,0.34,0.276,0.333,2
33,356,2326,0.418,0.362,0.786,6.5
34,456,2997,0.423,0.33,0.731,6.6
35,24,28,0.314,0.2,0.714,1.2
36,43,197,0.507,,0.652,4.6
37,24,57,0.393,0.308,0.714,2.4
38,440,5571,0.462,0.373,0.713,12.7
39,104,373,0.45,0,0.557,3.6
40,377,2395,0.484,0.328,0.767,6.4
41,132,430,0.384,0.322,0.63,3.3
42,387,3165,0.424,0.398,0.86,8.2
43,36,140,0.382,0.294,0.703,3.9
44,110,408,0.434,0.182,0.754,3.7
45,75,265,0.438,0.347,0.629,3.5
46,49,197,0.393,0.345,0.875,4
47,10,14,0.357,,0.444,1.4
48,3,0,0,,,0
49,38,83,0.33,0.143,0.72,2.2
50,388,1847,0.471,0.133,0.682,4.8
51,,,,,,
52,23,46,0.543,,0.571,2
53,177,346,0.402,0.352,0.549,2
54,,,,,,
55,598,4743,0.455,0.388,0.742,7.9
56,,,,,,
57,,,,,,
58,,,,,,
59,,,,,,
60,550,9715,0.434,0.362,0.872,17.7
1,604,14390,0.515,0.303,0.794,23.8
2,446,3750,0.474,0.272,0.715,8.4
3,645,14231,0.456,0.372,0.821,22.1
4,419,5505,0.412,0.346,0.694,13.1
5,313,1528,0.47,0,0.505,4.9
6,711,17510,0.437,0.373,0.893,24.6
7,747,10566,0.453,0.379,0.804,14.1
8,670,7525,0.417,0.361,0.839,11.2
9,718,9938,0.54,0.132,0.473,13.8
10,655,5741,0.418,0.349,0.649,8.8
11,447,2502,0.482,0.39,0.809,5.6
12,573,5805,0.439,0.342,0.857,10.1
13,160,802,0.399,0.37,0.611,5
14,445,3383,0.54,0.25,0.568,7.6
15,621,4259,0.474,0.32,0.624,6.9
16,3,0,0,,,0
17,414,2873,0.508,0.286,0.764,6.9
18,234,2431,0.501,0.297,0.621,10.4
19,285,1700,0.467,0.321,0.773,6
20,645,9222,0.445,0.381,0.798,14.3
21,269,2893,0.436,0.272,0.723,10.8
22,6,7,0.5,,0.25,1.2
23,171,855,0.441,0.367,0.847,5
24,84,197,0.347,0.306,0.674,2.3
25,145,1604,0.413,0.231,0.647,11.1
26,346,1697,0.542,,0.543,4.9
27,59,210,0.547,,0.667,3.6
28,143,488,0.42,0.293,0.66,3.4
29,91,217,0.343,0.222,0.661,2.4
30,170,712,0.513,,0.557,4.2
31,132,807,0.409,0.319,0.665,6.1
32,388,2676,0.468,0.354,0.82,6.9
33,92,203,0.497,0,0.68,2.2
34,735,7056,0.417,0.346,0.777,9.6
35,685,5960,0.441,0.315,0.712,8.7
36,103,329,0.358,0.311,0.727,3.2
37,337,1642,0.444,0.35,0.759,4.9
38,69,295,0.35,0.292,0.706,4.3
39,651,11136,0.458,0.392,0.881,17.1
40,623,7246,0.433,0.354,0.787,11.6
41,61,174,0.354,0.36,0.684,2.9
42,100,345,0.381,0.394,0.7,3.5
43,555,3736,0.453,0.362,0.757,6.7
44,41,119,0.375,0.28,0.724,2.9
45,113,687,0.464,0.309,0.798,6.1
46,271,1597,0.419,0.383,0.84,5.9
47,17,15,0.25,0.2,,0.9
48,69,249,0.354,0.297,0.688,3.6
49,472,2568,0.517,0.218,0.74,5.4
50,,,,,,
51,10,9,0.143,0,0.625,0.9
52,37,35,0.52,,0.6,0.9
53,41,93,0.513,0,0.481,2.3
54,45,59,0.451,0.125,0.5,1.3
55,7,0,0,0,0,0
56,,,,,,
57,,,,,,
58,98,379,0.418,0.343,0.867,3.9
59,,,,,,
60,189,787,0.436,0,0.671,4.2
1,151,658,0.392,0.261,0.67,4.4
2,462,8054,0.438,0.348,0.79,17.4
3,504,5336,0.477,0.398,0.794,10.6
4,494,4202,0.52,0.221,0.731,8.5
5,570,4371,0.507,0.329,0.683,7.7
6,450,3303,0.549,0.154,0.655,7.3
7,556,5015,0.414,0.363,0.78,9
8,683,7911,0.421,0.36,0.813,11.6
9,498,4792,0.41,0.345,0.81,9.6
10,590,11341,0.455,0.396,0.81,19.2
11,391,4023,0.402,0.255,0.706,10.3
12,664,6157,0.587,0.071,0.547,9.3
13,610,6146,0.476,0.365,0.782,10.1
14,278,2504,0.473,0.319,0.751,9
15,656,14321,0.535,0.288,0.718,21.8
16,141,446,0.632,0.265,0.64,3.2
17,621,8806,0.436,0.338,0.833,14.2
18,256,1399,0.422,0.336,0.777,5.5
19,95,287,0.395,0.282,0.842,3
20,601,3672,0.431,0.394,0.846,6.1
21,597,4470,0.5,0.367,0.791,7.5
22,661,5484,0.584,0.049,0.557,8.3
23,448,2453,0.388,0.331,0.797,5.5
24,586,8149,0.422,0.358,0.812,13.9
25,434,3382,0.427,0.385,0.842,7.8
26,307,1382,0.473,0.253,0.468,4.5
27,611,7592,0.653,0,0.638,12.4
28,,,,,,
29,165,1040,0.429,0.236,0.7,6.3
30,24,26,0.205,0.167,0.875,1.1
31,381,3453,0.425,0.387,0.831,9.1
32,174,924,0.387,0.368,0.88,5.3
33,7,19,0.5,0.4,0.75,2.7
34,235,1913,0.371,0.351,0.836,8.1
35,16,43,0.269,0.25,0.692,2.7
36,154,920,0.408,0.335,0.711,6
37,21,22,0.417,1,0.579,1
38,84,461,0.423,0.261,0.635,5.5
39,206,666,0.525,0.143,0.716,3.2
40,8,16,0.269,0.067,1,2
41,24,42,0.415,0.462,1,1.8
42,8,35,0.333,0.273,0.857,4.4
43,28,109,0.336,0.371,0.769,3.9
44,432,2666,0.458,0.377,0.847,6.2
45,,,,,,
46,52,159,0.377,0.288,0.857,3.1
47,387,2313,0.455,0.366,0.804,6
48,163,981,0.378,0.316,0.797,6
49,24,6,0.231,0,,0.3
50,395,2629,0.457,0.36,0.797,6.7
51,,,,,,
52,103,293,0.364,0.17,0.707,2.8
53,,,,,,
54,,,,,,
55,208,1159,0.479,0.285,0.719,5.6
56,24,54,0.316,0.28,0.733,2.3
57,,,,,,
58,,,,,,
59,,,,,,
60,,,,,,
1,598,11519,0.448,0.35,0.723,19.3
2,310,4380,0.494,0.326,0.743,14.1
3,328,8535,0.49,0.338,0.81,26
4,528,6887,0.46,0.323,0.702,13
5,245,1389,0.407,0.305,0.764,5.7
6,520,5438,0.382,0.321,0.78,10.5
7,518,9191,0.472,0.332,0.743,17.7
8,343,2290,0.389,0.354,0.812,6.7
9,339,1660,0.459,0.308,0.691,4.9
10,500,5036,0.447,0.287,0.623,10.1
11,527,4846,0.476,0.409,0.82,9.2
12,356,4180,0.441,0.357,0.838,11.7
13,478,9466,0.461,0.386,0.83,19.8
14,332,5142,0.507,0.357,0.78,15.5
15,107,429,0.406,0.254,0.68,4
16,411,5015,0.5,0.232,0.672,12.2
17,95,219,0.367,0.277,0.563,2.3
18,186,779,0.419,0.317,0.768,4.2
19,468,5526,0.448,0.363,0.812,11.8
20,105,442,0.403,0.308,0.836,4.2
21,52,227,0.527,0,0.58,4.4
22,32,101,0.402,0.385,0.607,3.2
23,448,4656,0.42,0.366,0.841,10.4
24,345,2433,0.397,0.345,0.815,7.1
25,471,5851,0.624,0,0.527,12.4
26,111,664,0.343,0.295,0.81,6
27,316,4501,0.439,0.384,0.822,14.2
28,66,132,0.37,0.333,0.813,2
29,76,187,0.346,0.312,0.24,2.5
30,505,3366,0.476,0.334,0.711,6.7
31,20,36,0.351,0.231,0.875,1.8
32,148,782,0.412,0.29,0.776,5.3
33,414,4584,0.483,0.439,0.78,11.1
34,56,241,0.346,0.263,0.75,4.3
35,28,67,0.581,,0.531,2.4
36,147,509,0.402,0.36,0.663,3.5
37,,,,,,
38,387,5042,0.411,0.322,0.791,13
39,555,6329,0.452,0.349,0.723,11.4
40,304,1804,0.457,0.373,0.779,5.9
41,527,10364,0.542,0.345,0.83,19.7
42,28,74,0.347,0.238,0.68,2.6
43,13,33,0.625,,0.273,2.5
44,113,584,0.38,0.295,0.781,5.2
45,511,3926,0.585,0.296,0.751,7.7
46,600,9216,0.439,0.338,0.827,15.4
47,27,53,0.319,0.188,0.769,2
48,40,93,0.326,0.236,0.72,2.3
49,36,44,0.296,0.2,0.846,1.2
50,,,,,,
51,127,398,0.517,0.167,0.545,3.1
52,,,,,,
53,,,,,,
54,,,,,,
55,64,183,0.345,0.19,0.548,2.9
56,44,97,0.304,0.222,0.375,2.2
57,,,,,,
58,123,846,0.417,0.355,0.772,6.9
59,,,,,,
60,58,205,0.444,0.125,0.583,3.5
1,482,11170,0.527,0.397,0.833,23.2
2,424,7504,0.42,0.356,0.781,17.7
3,247,2566,0.542,0.222,0.676,10.4
4,337,6371,0.444,0.353,0.82,18.9
5,330,2284,0.417,0.319,0.812,6.9
6,422,3675,0.544,0.188,0.612,8.7
7,302,3299,0.401,0.323,0.744,10.9
8,419,2632,0.384,0.3,0.754,6.3
9,377,3541,0.429,0.348,0.743,9.4
10,315,2633,0.413,0.315,0.634,8.4
11,431,5485,0.489,0.349,0.768,12.7
12,449,3503,0.441,0.338,0.737,7.8
13,477,11217,0.457,0.357,0.87,23.5
14,279,2132,0.421,0.362,0.83,7.6
15,479,5769,0.434,0.331,0.749,12
16,477,6039,0.417,0.376,0.822,12.7
17,139,423,0.337,0.313,0.692,3
18,201,1094,0.478,0.288,0.606,5.4
19,279,1692,0.411,0.323,0.77,6.1
20,411,2952,0.453,0.354,0.799,7.2
21,242,1284,0.41,0.292,0.775,5.3
22,453,5021,0.47,0.383,0.752,11.1
23,305,2760,0.449,0.212,0.735,9
24,455,2807,0.435,0.352,0.818,6.2
25,184,998,0.434,0.346,0.766,5.4
26,,,,,,
27,396,3210,0.529,0.333,0.689,8.1
28,45,133,0.371,0.295,0.818,3
29,59,194,0.426,0.306,0.548,3.3
30,367,1721,0.567,0.172,0.606,4.7
31,327,3269,0.423,0.349,0.718,10
32,458,5900,0.62,0.117,0.662,12.9
33,64,152,0.449,0.118,0.605,2.4
34,41,161,0.328,0.286,0.85,3.9
35,306,2262,0.534,0.309,0.702,7.4
36,30,63,0.467,,0.724,2.1
37,376,3605,0.605,0.256,0.746,9.6
38,91,295,0.377,0.304,0.747,3.2
39,,,,,,
40,438,5270,0.428,0.365,0.839,12
41,417,2469,0.445,0.365,0.797,5.9
42,,,,,,
43,127,429,0.393,0.296,0.768,3.4
44,145,1012,0.373,0.294,0.779,7
45,,,,,,
46,421,4776,0.463,0.384,0.831,11.3
47,,,,,,
48,31,55,0.564,,0.55,1.8
49,,,,,,
50,,,,,,
51,,,,,,
52,,,,,,
53,,,,,,
54,,,,,,
55,,,,,,
56,6,5,0.4,,1,0.8
57,,,,,,
58,,,,,,
59,,,,,,
60,,,,,,
1,275,4382,0.56,0.147,0.597,15.9
2,368,6812,0.461,0.36,0.769,18.5
3,403,6644,0.473,0.373,0.712,16.5
4,187,1014,0.399,0.323,0.654,5.4
5,245,1995,0.42,0.299,0.739,8.1
6,468,7463,0.43,0.398,0.865,15.9
7,345,5639,0.446,0.367,0.878,16.3
8,292,2206,0.456,0.29,0.667,7.6
9,416,3035,0.628,0.667,0.518,7.3
10,263,1216,0.435,0.327,0.68,4.6
11,415,5961,0.534,0.319,0.728,14.4
12,370,3899,0.416,0.371,0.815,10.5
13,39,160,0.514,0,0.857,4.1
14,256,1795,0.394,0.36,0.787,7
15,297,1589,0.428,0.351,0.681,5.4
16,74,173,0.442,0.323,0.682,2.3
17,56,174,0.355,0.25,0.776,3.1
18,83,342,0.371,0.336,0.773,4.1
19,336,3488,0.43,0.386,0.816,10.4
20,318,4649,0.437,0.333,0.737,14.6
21,296,1750,0.474,0.283,0.611,5.9
22,70,198,0.358,0.301,0.783,2.8
23,113,674,0.581,,0.711,6
24,328,1937,0.391,0.335,0.829,5.9
25,21,47,0.449,0,0.6,2.2
26,256,2016,0.405,0.355,0.769,7.9
27,400,6290,0.489,0.328,0.774,15.7
28,148,1069,0.492,0.353,0.748,7.2
29,320,3993,0.455,0.33,0.771,12.5
30,199,1117,0.665,0.302,0.702,5.6
31,107,454,0.599,0,0.635,4.2
32,360,3001,0.597,0.1,0.754,8.3
33,183,958,0.596,0.286,0.774,5.2
34,133,998,0.403,0.28,0.808,7.5
35,,,,,,
36,333,5159,0.464,0.376,0.881,15.5
37,6,18,0.583,,1,3
38,199,760,0.42,0.305,0.785,3.8
39,,,,,,
40,7,10,0.231,,1,1.4
41,19,23,0.323,,0.6,1.2
42,89,643,0.411,0.305,0.788,7.2
43,19,24,0.212,0.105,0.667,1.3
44,,,,,,
45,26,48,0.486,0.286,0.667,1.8
46,22,48,0.405,0.5,0.45,2.2
47,243,1175,0.46,0.3,0.719,4.8
48,98,458,0.371,0.335,0.769,4.7
49,9,4,0.1,0,1,0.4
50,305,1857,0.437,0.404,0.873,6.1
51,3,0,0,0,,0
52,18,31,0.545,0.2,0.5,1.7
53,13,14,0.333,0.125,0.75,1.1
54,58,223,0.364,0.268,0.754,3.8
55,5,12,0.286,0.25,1,2.4
56,25,69,0.394,0.357,0.5,2.8
57,,,,,,
58,202,926,0.428,0.357,0.718,4.6
59,,,,,,
60,112,566,0.422,0.207,0.656,5.1
1,131,1423,0.45,0.262,0.708,10.9
2,252,2995,0.4,0.364,0.578,11.9
3,365,7640,0.456,0.383,0.844,20.9
4,291,3276,0.416,0.292,0.68,11.3
5,322,6148,0.462,0.32,0.725,19.1
6,136,1269,0.435,0.33,0.797,9.3
7,282,4339,0.441,0.364,0.85,15.4
8,269,1395,0.371,0.331,0.775,5.2
9,216,2317,0.402,0.312,0.652,10.7
10,182,1099,0.452,0.327,0.743,6
11,309,3176,0.424,0.355,0.83,10.3
12,297,2966,0.449,0.425,0.869,10
13,345,8234,0.441,0.361,0.833,23.9
14,343,4617,0.558,0.14,0.741,13.5
15,255,1656,0.426,0.321,0.799,6.5
16,22,86,0.404,0.25,0.667,3.9
17,146,647,0.419,0.327,0.618,4.4
18,146,477,0.492,0.341,0.585,3.3
19,293,4837,0.559,0.376,0.779,16.5
20,142,832,0.511,0.258,0.671,5.9
21,204,924,0.404,0.334,0.753,4.5
22,341,3945,0.626,0.189,0.699,11.6
23,301,3144,0.47,0.372,0.709,10.4
24,26,23,0.5,0.4,0.333,0.9
25,28,156,0.521,0,0.586,5.6
26,75,169,0.438,0.118,0.614,2.3
27,342,5336,0.449,0.339,0.723,15.6
28,167,773,0.634,0.429,0.672,4.6
29,263,3027,0.442,0.34,0.838,11.5
30,296,2918,0.45,0.347,0.739,9.9
31,213,1816,0.422,0.333,0.786,8.5
32,79,284,0.434,0.391,0.667,3.6
33,226,989,0.408,0.292,0.798,4.4
34,103,695,0.396,0.301,0.755,6.7
35,85,485,0.555,0.2,0.743,5.7
36,51,217,0.486,0.34,0.484,4.3
37,284,975,0.384,0.344,0.717,3.4
38,161,593,0.552,0.2,0.636,3.7
39,56,237,0.345,0.263,0.776,4.2
40,207,1503,0.402,0.314,0.78,7.3
41,104,701,0.389,0.35,0.669,6.7
42,170,1733,0.59,0.35,0.764,10.2
43,165,959,0.6,0.383,0.682,5.8
44,213,1594,0.417,0.345,0.711,7.5
45,272,3955,0.421,0.348,0.799,14.5
46,264,1431,0.42,0.364,0.796,5.4
47,14,13,0.333,,0.833,0.9
48,160,401,0.407,0.34,0.672,2.5
49,70,164,0.484,0.333,0.742,2.3
50,,,,,,
51,280,2947,0.481,0.394,0.83,10.5
52,108,619,0.474,0.333,0.728,5.7
53,47,258,0.435,0.349,0.757,5.5
54,20,82,0.378,0.31,0.8,4.1
55,10,14,0.313,0.286,1,1.4
56,13,39,0.577,0.429,0.462,3
57,,,,,,
58,,,,,,
59,27,114,0.443,0.256,0.769,4.2
60,,,,,,
1,236,3843,0.599,0.25,0.754,16.3
2,166,2256,0.501,0.291,0.663,13.6
3,264,6962,0.457,0.337,0.737,26.4
4,204,3218,0.453,0.351,0.791,15.8
5,280,7076,0.44,0.355,0.873,25.3
6,226,1747,0.475,0.352,0.685,7.7
7,203,2476,0.513,0.298,0.731,12.2
8,218,4356,0.458,0.378,0.827,20
9,212,1638,0.369,0.34,0.705,7.7
10,309,3483,0.509,0.374,0.831,11.3
11,243,4421,0.473,0.348,0.807,18.2
12,291,3893,0.473,0.346,0.809,13.4
13,113,514,0.363,0.31,0.721,4.5
14,125,1763,0.518,0.419,0.795,14.1
15,221,1408,0.429,0.337,0.755,6.4
16,13,48,0.378,0.316,0.667,3.7
17,201,1809,0.415,0.347,0.766,9
18,208,1952,0.414,0.343,0.779,9.4
19,274,3125,0.431,0.379,0.788,11.4
20,244,1552,0.403,0.275,0.758,6.4
21,192,1806,0.433,0.393,0.841,9.4
22,103,558,0.442,0.309,0.643,5.4
23,245,1796,0.412,0.373,0.84,7.3
24,211,2144,0.425,0.392,0.833,10.2
25,196,1474,0.487,0.321,0.813,7.5
26,262,2354,0.41,0.39,0.835,9
27,174,1255,0.728,0,0.665,7.2
28,59,168,0.337,0.315,0.833,2.8
29,49,211,0.376,0.227,0.726,4.3
30,95,642,0.417,0.366,0.766,6.8
31,108,523,0.395,0.315,0.737,4.8
32,223,984,0.386,0.383,0.81,4.4
33,277,3286,0.494,0.373,0.8,11.9
34,240,3080,0.372,0.357,0.827,12.8
35,32,87,0.34,0.209,0.533,2.7
36,230,1941,0.722,,0.54,8.4
37,204,2752,0.416,0.389,0.82,13.5
38,39,160,0.388,0.316,0.75,4.1
39,143,439,0.432,0.3,0.759,3.1
40,131,780,0.444,0.329,0.739,6
41,166,892,0.591,0.143,0.616,5.4
42,269,2056,0.482,0.327,0.745,7.6
43,,,,,,
44,,,,,,
45,207,1748,0.475,0.277,0.634,8.4
46,235,1968,0.409,0.361,0.766,8.4
47,220,1451,0.398,0.353,0.785,6.6
48,163,853,0.462,0.304,0.714,5.2
49,143,869,0.463,0.308,0.762,6.1
50,72,182,0.48,0.25,0.721,2.5
51,,,,,,
52,2,3,0.25,0.25,,1.5
53,11,20,0.2,0.235,0.5,1.8
54,178,1731,0.447,0.361,0.819,9.7
55,2,0,0,0,,0
56,16,58,0.529,0,0.286,3.6
57,10,17,0.259,0.15,,1.7
58,11,18,0.538,0.429,0.5,1.6
59,5,1,0,0,0.5,0.2
60,22,21,0.375,,0.474,1
1,85,2187,0.604,0.333,0.683,25.7
2,187,3961,0.474,0.327,0.754,21.2
3,198,3469,0.418,0.357,0.697,17.5
4,139,1831,0.434,0.359,0.785,13.2
5,181,3142,0.443,0.378,0.876,17.4
6,134,890,0.401,0.283,0.497,6.6
7,195,2672,0.413,0.365,0.851,13.7
8,194,1575,0.634,0.36,0.723,8.1
9,147,1913,0.477,0.36,0.779,13
10,133,1399,0.387,0.325,0.841,10.5
11,183,1899,0.44,0.39,0.843,10.4
12,187,2202,0.454,0.375,0.702,11.8
13,175,2925,0.44,0.385,0.851,16.7
14,98,353,0.4,0.3,0.633,3.6
15,96,542,0.388,0.256,0.693,5.6
16,115,954,0.39,0.326,0.81,8.3
17,158,1467,0.387,0.329,0.726,9.3
18,149,752,0.477,0.254,0.707,5
19,36,138,0.43,0.294,0.576,3.8
20,196,939,0.45,0.324,0.657,4.8
21,181,1976,0.591,0.294,0.699,10.9
22,209,1133,0.449,0.369,0.775,5.4
23,185,1841,0.406,0.305,0.695,10
24,112,795,0.398,0.344,0.784,7.1
25,138,802,0.455,0.317,0.727,5.8
26,81,271,0.412,0.32,0.8,3.3
27,51,137,0.388,0.314,0.84,2.7
28,184,2520,0.416,0.341,0.885,13.7
29,161,2313,0.478,0.385,0.753,14.4
30,137,1878,0.424,0.352,0.686,13.7
31,94,688,0.646,0.167,0.539,7.3
32,63,176,0.406,0.273,0.607,2.8
33,72,267,0.364,0.297,0.758,3.7
34,119,379,0.527,0.146,0.608,3.2
35,12,43,0.326,0.355,1,3.6
36,171,989,0.46,0.323,0.66,5.8
37,23,44,0.3,0.314,0.5,1.9
38,169,1277,0.692,0,0.657,7.6
39,29,87,0.463,0.304,0.72,3
40,72,228,0.446,0.343,0.544,3.2
41,158,1552,0.494,0.326,0.758,9.8
42,71,245,0.403,0.321,0.733,3.5
43,119,963,0.446,0.345,0.811,8.1
44,53,142,0.478,0.378,0.667,2.7
45,109,987,0.495,0.365,0.708,9.1
46,131,1216,0.437,0.276,0.783,9.3
47,64,318,0.416,0.315,0.686,5
48,189,1443,0.491,0.379,0.786,7.6
49,42,88,0.452,0.188,0.826,2.1
50,37,88,0.438,0.366,0.75,2.4
51,40,149,0.354,0.296,0.96,3.7
52,118,775,0.475,0.359,0.732,6.6
53,4,19,0.35,0.2,0.75,4.8
54,4,11,0.25,0.333,0.75,2.8
55,53,165,0.361,0.303,0.75,3.1
56,,,,,,
57,24,68,0.378,0.286,,2.8
58,80,145,0.35,0.33,0.75,1.8
59,6,14,0.357,0.5,0.6,2.3
60,,,,,,
1,144,2925,0.429,0.344,0.781,20.3
2,39,448,0.519,0.316,0.628,11.5
3,126,2311,0.431,0.378,0.826,18.3
4,88,808,0.49,0.413,0.729,9.2
5,134,1234,0.446,0.315,0.747,9.2
6,98,620,0.672,0,0.695,6.3
7,92,629,0.374,0.268,0.78,6.8
8,134,901,0.521,0.307,0.753,6.7
9,136,1027,0.426,0.316,0.729,7.6
10,78,523,0.495,0.317,0.761,6.7
11,133,1213,0.421,0.357,0.84,9.1
12,135,1934,0.473,0.412,0.846,14.3
13,78,484,0.391,0.298,0.841,6.2
14,98,414,0.417,0.318,0.796,4.2
15,112,1667,0.393,0.337,0.846,14.9
16,139,1126,0.529,0.33,0.708,8.1
17,106,831,0.376,0.285,0.717,7.8
18,106,420,0.493,0.311,0.647,4
19,152,2178,0.399,0.361,0.833,14.3
20,134,968,0.468,0.357,0.556,7.2
21,136,1799,0.478,0.396,0.867,13.2
22,83,406,0.503,0.439,0.663,4.9
23,35,50,0.315,0.278,0.846,1.4
24,115,843,0.404,0.337,0.653,7.3
25,142,1613,0.393,0.365,0.885,11.4
26,137,952,0.435,0.412,0.924,6.9
27,32,96,0.707,,0.667,3
28,133,1074,0.455,0.338,0.724,8.1
29,91,542,0.38,0.326,0.75,6
30,144,2009,0.464,0.435,0.882,14
31,13,13,0.353,0,0.333,1
32,26,66,0.51,0.143,0.625,2.5
33,33,63,0.431,0.167,0.706,1.9
34,116,1019,0.371,0.322,0.766,8.8
35,112,642,0.515,0.281,0.645,5.7
36,18,18,0.318,0.25,0.6,1
37,30,187,0.407,0.327,0.864,6.2
38,85,475,0.434,0.265,0.731,5.6
39,54,157,0.328,0.28,0.769,2.9
40,25,27,0.278,0.2,0.5,1.1
41,106,507,0.487,0.232,0.8,4.8
42,68,165,0.646,0,0.685,2.4
43,32,100,0.406,0.27,0.632,3.1
44,9,17,0.267,0.2,0.727,1.9
45,92,658,0.415,0.37,0.809,7.2
46,88,407,0.39,0.275,0.717,4.6
47,,,,,,
48,30,123,0.342,0.367,0.821,4.1
49,96,351,0.355,0.349,0.855,3.7
50,61,204,0.469,0.338,0.882,3.3
51,,,,,,
52,124,1115,0.524,0.36,0.667,9
53,29,55,0.409,0.435,0.9,1.9
54,33,88,0.36,0.233,0.895,2.7
55,22,84,0.39,0.267,0.8,3.8
56,7,18,0.667,0.5,,2.6
57,36,170,0.459,0.189,0.679,4.7
58,64,204,0.552,0.143,0.455,3.2
59,13,96,0.5,0.472,0.778,7.4
60,36,114,0.417,0.4,0.75,3.2
1,64,1114,0.416,0.314,0.845,17.4
2,67,1157,0.426,0.343,0.797,17.3
3,69,1034,0.508,0.25,0.663,15
4,74,1134,0.492,0.301,0.735,15.3
5,48,564,0.361,0.214,0.773,11.8
6,54,674,0.419,0.263,0.709,12.5
7,70,652,0.513,0.336,0.684,9.3
8,79,1197,0.468,0.354,0.863,15.2
9,75,861,0.418,0.316,0.659,11.5
10,62,501,0.45,0.314,0.782,8.1
11,31,142,0.348,0.347,0.871,4.6
12,50,288,0.374,0.307,0.746,5.8
13,55,720,0.432,0.369,0.804,13.1
14,52,228,0.437,0.364,0.778,4.4
15,77,634,0.455,0.35,0.871,8.2
16,72,692,0.474,0.248,0.711,9.6
17,62,334,0.394,0.382,0.882,5.4
18,60,625,0.393,0.36,0.793,10.4
19,21,22,0.643,0.5,0.375,1
20,22,52,0.537,0.231,0.714,2.4
21,37,267,0.353,0.34,0.804,7.2
22,36,297,0.563,0.313,0.682,8.3
23,24,48,0.432,0.25,0.714,2
24,74,587,0.448,0.296,0.735,7.9
25,46,275,0.404,0.381,0.684,6
26,69,698,0.403,0.366,0.856,10.1
27,67,570,0.433,0.27,0.829,8.5
28,2,2,1,,,1
29,32,198,0.577,0.286,0.585,6.2
30,32,132,0.402,0.125,0.625,4.1
31,12,20,0.269,0.25,0.333,1.7
32,49,366,0.414,0.352,0.741,7.5
33,,,,,,
34,,,,,,
35,78,742,0.476,0.337,0.84,9.5
36,40,89,0.296,0.25,0.667,2.2
37,33,67,0.436,0.259,0.6,2
38,77,679,0.52,0.376,0.679,8.8
39,14,45,0.447,,0.647,3.2
40,42,161,0.404,0.318,0.688,3.8
41,29,61,0.357,0.326,0.538,2.1
42,19,121,0.456,0.422,0.857,6.4
43,48,225,0.426,0.311,0.677,4.7
44,48,284,0.412,0.353,0.842,5.9
45,,,,,,
46,64,205,0.411,0.255,0.591,3.2
47,2,0,0,0,,0
48,13,7,0.214,0.167,,0.5
49,,,,,,
50,,,,,,
51,51,343,0.385,0.306,0.819,6.7
52,32,186,0.449,0.327,0.623,5.8
53,23,69,0.638,0,0.75,3
54,41,154,0.496,0.423,0.818,3.8
55,50,416,0.463,0.304,0.729,8.3
56,2,1,,,0.5,0.5
57,,,,,,
58,41,90,0.722,,0.414,2.2
59,,,,,,
60,13,86,0.463,0.385,0.467,6.6
